id,Question,A,B,C,D
1,"How is my blood sugar controlled? Should I do anything else?","Control your blood sugar with regular monitoring. Follow your diet, treatment, and physical activity to avoid high blood sugar. Consult a doctor if you have symptoms.","My blood sugar is controlled solely by my diet; as long as I eat balanced meals, I don't have to worry.","I can control my blood sugar by drinking a lot of water; it dilutes the sugar in my blood.","My blood sugar is controlled by my stress level; if I'm relaxed, my sugar level is good."
2,"My control has been good so far, but is it likely to deteriorate with age as my metabolism changes?","Yes, diabetes control can deteriorate with age due to metabolic changes. Regular monitoring and treatment adjustment are essential.","No, your diabetes is stable once you have achieved good control; aging has no impact.","Yes, diabetes always worsens with age; there's nothing you can do about it.",Your diabetes will only worsen if you gain weight as you get older.
3,How can I better control my blood sugar?,"Control your blood sugar through a balanced diet, exercise, regular monitoring, and medical follow-up.",Eating a lot of sugar before sleeping helps stabilize blood sugar during the night.,Drinking sugary fruit juices is a good way to manage blood sugar because they contain natural sugars.,Ignoring mild symptoms is acceptable because diabetes only becomes dangerous at an advanced stage.
4,"If I don't take medication, can I keep the disease under control by losing weight?","Losing weight helps control diabetes, but a healthy diet and exercise are also essential.","Yes, losing weight completely cures diabetes, so you won't need medication anymore.","No, weight loss has no impact on diabetes; only medication can control it.",Losing weight is enough; you don't need to watch what you eat or exercise.
5,Why do I have to take insulin?,"You take insulin because your body doesn't produce enough or is resistant to it, which helps regulate your blood sugar and prevent complications.",Insulin helps you lose weight and get in better shape.,Insulin is a medication that replaces a poor diet.,Insulin strengthens your heart and blood vessels.
7,Would a better diet help to manage without insulin?,"No, a better diet doesn't eliminate the need for insulin for type 1 diabetes, but it helps control blood sugar and improve health.","Yes, a very strict diet with no sugar can replace insulin for all types of diabetes.","Yes, if you eat a lot of vegetables, your body will produce enough insulin so you won't need injections anymore.","Yes, a special plant-based diet can cure diabetes and eliminate the need for insulin."
8,"Why is my blood sugar fluctuating? And why can't I control it?","Blood sugar fluctuates due to diet, activity, stress, illness, or inadequate treatment. Sleep also impacts it. Regular monitoring is essential.","Your blood contains too much sugar and your body is trying to get rid of it by making it fluctuate.","It's because of what you ate last week; sugar takes a long time to leave your body.",Your body is simply confused and doesn't know how to manage sugar correctly.
9,Is there a definitive CURE for diabetes?,"There is no definitive cure for diabetes, but treatment combining medication and non-medicinal measures is essential for effectively managing it.","Yes, you can be completely cured of diabetes by taking specific pills to lower sugar.",You can get rid of diabetes by following a very strict diet and exercising a lot.,"There are new surgeries that can remove the part of the body that causes diabetes, thus permanently curing it."
10,HOW TO STAY MORE POSITIVE ABOUT MY CONDITION?,"To stay positive, focus on positive aspects, surround yourself with support, practice gratitude, take physical care of yourself, and start your days positively.",Avoid talking about your diabetes so you don't think about it.,Focus only on your blood sugar numbers to motivate yourself.,Compare yourself to other people with diabetes to see that you are less affected.
11,I WOULD LIKE MORE INFORMATION ABOUT DIABETIC NEUROPATHY.,"Diabetic neuropathy: nerve damage caused by hyperglycemia, resulting in pain, numbness, digestive/urinary issues. Good blood sugar control slows its progression.",Diabetic neuropathy is a mental illness caused by stress related to diabetes.,Diabetic neuropathy is a foot infection that often occurs in diabetics.,Diabetic neuropathy is an allergic reaction to diabetes medication.
12,"OVER THE LAST SIX MONTHS, I'VE NOTICED I'M FORGETTING MORE AND MORE THINGS. COULD THIS BE ATTRIBUTED TO MY DIABETES?","Yes, diabetes, especially poorly controlled diabetes, can affect memory. Consult your doctor.","Diabetes only affects your blood sugar level, not your memory.","Forgetfulness is part of normal aging, not diabetes.","Your blood sugar is too low, which temporarily disrupts your brain."
13,"I AM CURRENTLY BEING EXAMINED FOR POSSIBLE SLEEP APNEA. COULD THIS BE LINKED TO DIABETES?","Yes, sleep apnea is linked to type 2 diabetes, often due to overweight. It can also complicate the management of your diabetes.","No, sleep apnea is a lung problem and diabetes is a blood sugar problem; they have no link.","Sleep apnea is caused by type 1 diabetes, as thin people with type 1 diabetes often have breathing problems.",Only gestational diabetes in pregnant women can be linked to sleep apnea due to hormonal changes.
14,My blood sugar has been HIGH for a long time. Can the side effects be improved again?,"Yes, controlling your blood sugar through diet, exercise, and treatment can improve diabetes complications.",Side effects disappear on their own over time.,Just drinking a lot of water is enough to lower blood sugar.,Diabetes complications only affect elderly people.
15,Will there be a CURE for diabetes?,Diabetes is a chronic disease that is treated but not yet cured. Research for a cure is ongoing.,"Yes, a new magic pill has been discovered that cures diabetes overnight.","Diabetes goes away on its own if you eat a lot of sugar to 'balance' the body.","Only children develop diabetes, and it disappears as they get older."
16,CAN I HAVE AN IMPLANT THAT MAKES INSULIN FOR ME?,"Yes, experimental implants exist to automatically deliver insulin by detecting your blood sugar, but they are not yet available to the public.","No, the body cannot accept an organ replacement like the pancreas that produces insulin.","Yes, but only if the diabetes is mild and the implant doesn't need to produce much insulin.","No, there is no implant to produce insulin; only an injection can do that."
17,CAN THE GLAND START WORKING AGAIN?,"Yes, a gland can start working again if the cause of the dysfunction is treated, but not always.","Yes, if you eat certain foods like honey or turmeric, it can stimulate the gland and make it work again.","No, once a gland stops working, it is permanently damaged and can never recover.","Yes, you just need to massage the area where the gland is located or take vitamin supplements to help it restart."
18,WHY DOES STRESS INCREASE MY BLOOD SUGAR?,Stress increases blood sugar by releasing hormones that stimulate glucose production and reduce insulin sensitivity.,Stress increases blood sugar because it makes you want to eat sugary foods more.,Stress increases blood sugar because it slows down the digestion and absorption of sugars.,"Stress increases blood sugar because it exhausts the body, preventing it from using sugar correctly."
19,CAN AN INSULIN PUMP HELP CONTROL BLOOD SUGAR BETTER THAN INSULIN PENS?,"Yes, an insulin pump can better control blood sugar by delivering insulin continuously and adapting to lifestyle, with fewer injections.",An insulin pump is always more effective because it uses a different and more powerful type of insulin than pens.,Insulin pumps are preferable because they completely eliminate the need to control blood sugar yourself.,"Insulin pumps are more expensive, so they must be more effective to justify their high cost."
20,WHY ARE MY HANDS AND MY FEET SO AFFECTED by diabetes?,"High blood sugar damages nerves and vessels in hands/feet, causing numbness, poor healing, and infection risk.","Diabetes weakens the bones in the hands and feet, making them more fragile and sensitive.","Diabetes causes poor general blood circulation throughout the body, which affects the extremities the most.",Diabetes medications have side effects that primarily affect the hands and feet.
21,WILL I EVER STOP TAKING INSULIN AND TABLETS AT THE SAME TIME?,"Type 1 requires lifelong insulin. Type 2 may stop insulin if controlled, but may need it later. Always consult your doctor before changing treatment.","Yes, if you stop eating sugar, you won't need insulin or tablets anymore.","Yes, if you exercise a lot, your body will produce enough insulin for you to stop.","Yes, after a few years, diabetes disappears and you won't need treatment anymore."
22,WHAT ABOUT AN INSULIN PUMP?,"An insulin pump delivers insulin continuously or on demand to better control blood sugar, as an alternative to injections.","An insulin pump is a device that measures blood sugar level and automatically injects the necessary insulin.","An insulin pump is a type of treatment that completely replaces oral medications for type 2 diabetes.","An insulin pump is a device that helps digest sugar faster so it doesn't stay in the blood."
23,What are the INJECTION SITES?,"Insulin is injected under the skin in 4 areas: abdomen, arms, buttocks, and thighs.",Insulin is injected directly into a vein for fast action.,Only the heart area is an insulin injection site.,Insulin is injected under the tongue to be absorbed.
24,How can I avoid BRUISES?,"Apply cold, avoid heat, elevate and rest the area. Arnica, vitamin K, or aloe vera can help.","To avoid bruises, you need to massage very hard as soon as you bump yourself.","You must apply heat immediately to make the bruise disappear faster.","Bruises are a sign that you are lacking calcium; you need to take more."
25,ARE HIGH LFT RESULTS DUE TO DIABETES?,"Diabetes can raise LFTs, but other causes exist. Consult a doctor for an accurate diagnosis.","Yes, diabetes always causes high liver function test results because sugar directly attacks the liver.","No, high liver tests are only linked to alcohol consumption, not diabetes.","No, diabetes only affects the kidneys and eyes, not the liver."
26,WHAT ARE THE LONG-TERM IMPLICATIONS OF HIGH GLUCOSE LEVEL?,"High glucose level can damage kidneys, eyes, nerves, heart, and cause fatigue, thirst, frequent urination, weight loss.",A high glucose level can make you more susceptible to catching colds.,Having a high glucose level means you naturally have more energy.,A high glucose level makes you gain weight quickly and effortlessly.
27,HOW TO PREVENT DIABETES PROGRESSION?,"Healthy lifestyle: balanced diet, physical activity, quitting smoking, weight/blood pressure/cholesterol/glucose control, stress/sleep management prevent diabetes progression.",Taking vitamins regularly can be enough to prevent diabetes from getting worse.,"Diabetes is genetic, so nothing can be done to prevent its progression.","Just taking diabetes medication is enough to prevent it from worsening, without changing habits."
28,"IF BLOOD SUGAR IS HIGH, WHAT SHOULD I DO?","Monitor diet, exercise, control your blood sugar, and consult a doctor.","Eating a candy to balance the sugar level will make it go down.",Drinking a lot of sugary water helps dilute sugar in the blood.,"Just rest; the body will regulate the sugar level on its own."
29,"Why is my blood sugar never CONSTANT, always RISING AND FALLING?","Your blood sugar varies depending on diet, activity, stress, etc. Keep it within the normal range to avoid complications (hypo/hyperglycemia).","It's because your pancreas is tired and no longer produces insulin.","This means your body is fighting an infection.",Your variations are normal as long as you don't feel bad.
30,"HOW TO BALANCE DIET, ACTIVITY, AND INSULIN, ESPECIALLY WHEN WORK ACTIVITY IS NOT CONSTANT?","Balance a varied diet (slow carbohydrates), regular physical activity, and adjust insulin with a professional, especially if your work varies.","Just eat less on days when you are less professionally active to compensate.","The important thing is to always take the same dose of insulin at the same time, regardless of activity.","You can eat whatever you want as long as you exercise more to burn extra calories."
31,WHAT ARE THE MAIN ADVANCES IN CARE AND WHEN CAN PATIENTS BENEFIT FROM THEM?,"New drug combinations for diabetes: basal insulin + GLP-1 and DPP-4i + SGLT2i (the latter not yet in France).",There will be new sugary pills that will replace insulin.,Patients will soon be able to eat whatever they want thanks to new medications.,We can cure diabetes by drinking a new special drink.
32,WHAT ARE THE SERIOUS SIDE EFFECTS OF DIABETES MEDICATIONS?,"Rare serious side effects: diabetic ketoacidosis, Fournier's gangrene. Others: hypoglycemia, vomiting, pain, infections, diarrhea.",Diabetes medications can make bones fragile and cause fractures.,Taking diabetes medications can damage the liver and kidneys over time.,Diabetes medications can cause widespread skin rashes and intense itching.
33,WHAT IS MYOPATHY AND IS THERE ANYTHING I CAN DO ABOUT IT?,"Myopathy affects muscles, making daily activities difficult. Treatment varies depending on the type and severity.",Myopathy is a fungal skin infection that can be treated with over-the-counter creams.,"Myopathy is a nerve problem that causes tingling in the hands and feet, and it goes away over time.","Myopathy is a fancy term for muscle soreness, and it gets better with rest and pain relievers."
34,IS THERE AN ALTERNATIVE TO INSULIN?,"Yes, alternatives to insulin exist, such as oral medications or leptin, but their effectiveness varies and they are not suitable for everyone. Consult your doctor.","No, insulin is the only treatment for diabetes.","Yes, you can replace insulin with a simple diet and exercise.","Yes, there are herbal remedies that completely cure diabetes without needing insulin."
35,"CAN I TAKE MY ""BASAL"" AT A DIFFERENT TIME OF DAY FOR BETTER CONTROL?","No, always take your basal insulin at the same time each day.","Yes, changing the time you take it can help your body absorb the medication better.","Maybe, if you take your ""basal"" before a heavy meal, it can stabilize your blood sugar.","It depends; if you have high symptoms, you can take it earlier for quick relief."
36,ARE THERE SIMPLER WAYS TO CONTROL BLOOD SUGAR?,"Control your blood sugar simply: monitor it, eat balanced meals (fiber, low GI), exercise, and follow your treatment.",Eating only fruits and vegetables will guarantee you normal blood sugar effortlessly.,Skipping meals is a good way to lower your blood sugar quickly.,Drinking lots of water can alone replace the need for treatment or a specific diet.
37,"HOW TO ACTUALLY REDUCE MY BASAL INSULIN LEVEL - EXERCISE, DIET, WEIGHT LOSS?",Regular exercise and adapted diet reduce basal insulin.,Eat lots of sugary foods so the body produces less insulin.,Take regular cold showers to stimulate metabolism.,"Drink lots of lemon water to ""cleanse"" the system and reduce insulin needs."
38,How to manage INSULIN RESISTANCE?,"Managing insulin resistance involves a healthy diet, regular exercise, good sleep, and sometimes medications like metformin.",Eat lots of sugar so the body produces more insulin and fights resistance.,"Completely avoid all carbohydrates, as they are the sole cause of insulin resistance.",Drink lots of fruit juice because it's sweet and gives cells energy.
39,What is the NEED FOR MORE FREQUENT SITE ROTATION?,"Rotating injection sites prevents bruising, infection, inflammation, fat deposits, and absorption issues.",It's to prevent insulin from becoming less effective over time.,It's to give the muscles a rest after the injection.,It's so the body doesn't get used to insulin too quickly.
40,"IS THERE INFORMATION ON PROGRESS IN TERMS OF CURE, TRANSPLANTATION, ETC?",Pancreas transplantation is a life-saving treatment for diabetes.,"Yes, new pills can cure diabetes in a few weeks.",You can cure diabetes by eating certain foods and exercising.,A cure for diabetes is imminent thanks to a new gene therapy.
41,IS THERE A POSSIBILITY THAT CHILDREN WILL INHERIT DIABETES?,"Yes, type 1 diabetes is hereditary, but the risk of transmission to children is low.","No, diabetes is a disease that affects only adults.","Yes, but only if both parents have diabetes.","No, diabetes in children is always caused by a poor diet."
42,HOW COULD I HAVE CONTRACTED DIABETES WITHOUT EVER BEING OVERWEIGHT AND WITH GOOD BLOOD PRESSURE?,"Type 2 diabetes can be caused by genetics, sedentary lifestyle, poor diet, or aging, even without being overweight or having high blood pressure.","You might have eaten too much sugar at once, which overloaded your pancreas and caused diabetes.",Diabetes can be a contagious disease that you caught from another person.,"It's probably related to stress; chronic stress can mess with your blood sugar level."
43,WHAT IS THE RISK OF ORGAN DAMAGE IN A DIABETIC PERSON?,"Chronic high blood sugar damages blood vessels and affects kidneys, eyes, nerves, heart, and arteries.","It's mostly a blood sugar problem that makes people tired, but it doesn't really damage organs.","Diabetes damages organs mainly because the body can no longer produce enough insulin, leading to poor digestion.","The risk is mostly related to being overweight; diabetes itself does not directly cause organ damage."
44,DOES VISION DETERIORATE FASTER WITH DIABETES?,"Yes, diabetes can damage the eye (retina, lens, etc.), causing progressive vision loss. Good blood sugar control and regular eye exams are essential.","No, vision does not deteriorate faster with diabetes; it's a myth.","No, vision deterioration is due to normal aging, not diabetes.","Yes, but only if you don't wear glasses suited to your vision."
45,WILL ALL TYPE 2 DIABETES PATIENTS EVENTUALLY NEED INSULIN?,"No, not all. Some control their type 2 diabetes with lifestyle and oral medications. Insulin may become necessary if control is insufficient.","Yes, it's a progressive disease and insulin is always the last step in treatment.","Only if their diabetes is very severe and they don't follow their doctor's advice.","It depends on their age; older people will certainly need insulin."
46,What to do about skin infections in diabetics?,"Control your blood sugar, maintain hygiene, and consult a doctor to treat skin infections.","Using special moisturizing creams for diabetics is enough to prevent and treat them.","You need to drain skin infections to remove the pus and speed up healing.","Drinking lots of water and eating less sugar will solve the problem of skin infections."
47,"CAN TYPE II DIABETES BE ""CURED"" OR ONLY MANAGED?","Type 2 diabetes cannot be cured; you must learn to live with it.","Yes, by eating much less sugar, you can get rid of it completely.","It's a temporary disease that disappears with age if you are careful.","It can be permanently reversed with certain natural supplements or extreme diets."
48,WHAT IS THE IMPACT OF ANOTHER ILLNESS ON A PERSON WITH DIABETES?,Another illness can worsen diabetes. Monitor your blood sugar and consult your doctor.,"Another illness has no impact on diabetes, as they are independent of each other.",Any other illness will automatically make diabetes much easier to manage.,"Having another illness protects a person with diabetes, as the body focuses on the new illness."
49,WHY DO I KEEP GOING TO THE TOILET EVERY HOUR? WHY AM I ALWAYS TIRED?,"Frequent urination and fatigue can be due to various causes, including diabetes. Consult your doctor for an accurate diagnosis.",You probably drank too much water before sleeping.,It's just a sign that you are very stressed right now.,It's normal to have these symptoms with age."
50,Will diabetes be TRANSMITTED TO MY CHILDREN?,Genetics play an important role in the transmission of diabetes.,"Diabetes is like a cold; it can be transmitted through close contact.","Diabetes is caused by excessive sugar consumption, so if parents eat too much sugar, children will get it too.","Diabetes is a disease of older people, so children cannot catch it."
51,HOW WELL AM I MANAGING MY DIABETES?,"Managing your diabetes well involves medication, sugar monitoring, a healthy diet, exercise, blood pressure/cholesterol control, quitting smoking, and foot care.",You are managing your diabetes well if you never eat sugar.,You are managing your diabetes well if you don't feel sick.,You are managing your diabetes well if you avoid carbohydrates at all costs.
52,DOES DIABETES HAVE A LIFESPAN?,"Diabetes is a chronic disease with no lifespan, requiring lifelong treatment.","Yes, diabetes disappears after a few years if you follow a strict diet.","Yes, diabetes can be cured with strong medications for a certain period.","Yes, diabetes has a ""duration"" of a few years, then it becomes less severe."
53,HOW OFTEN SHOULD I MEASURE MY BLOOD SUGAR?,"Measure your blood sugar before and after each meal, and more often if necessary (exercise, feeling unwell, etc.). Consult your doctor for a personalized plan.","Once a week is enough, as diabetes doesn't change much from day to day.","It is not necessary to measure your blood sugar if you feel well; only a doctor can do it with a blood test.","I must measure my blood sugar always at the same time each day, regardless of meals or activities."
54,"WHEN MY BLOOD SUGAR LEVEL IS HIGH, SHOULD I TAKE INSULIN TO LOWER IT?","If you are a diabetic on insulin, yes. Otherwise, a healthy diet, exercise, and stress management help lower blood sugar.",You should drink lots of sugary water to balance the sugar in your blood.,Just eating less will make your blood sugar level go down on its own.,Taking a heart pill will help lower your blood sugar level.
55,IS SUGAR STRICTLY FORBIDDEN OR ALLOWED IN MODERATION?,"Sugar is not forbidden, but to be consumed in moderation, prioritizing sugars with a low glycemic index and limiting added sugars.",Sugar is completely forbidden for diabetics to avoid any increase in blood sugar level.,Diabetics can eat as much sugar as they want as long as they take their medication on time.,"Only natural sugars like honey and fruits are allowed; white sugar is strictly forbidden."
56,how to UNDERSTAND CARBOHYDRATE INTAKE VERSUS INSULIN DOSE?,Understanding the insulin-to-carb ratio and adjusting insulin dose based on fasting blood sugar is essential for managing carbohydrate intake.,"You just need to take the same amount of insulin every day, regardless of what you eat.",You just need to feel if you need more insulin after a meal based on how you feel.,The number of carbohydrates doesn't really matter as long as you exercise regularly.
57,WHY DO SOME DIABETIC PATIENTS REQUIRE AMPUTATION?,"Amputation in diabetics is due to poor circulation or sensation in the legs, causing non-healing wounds that become infected.","It's because sugar in the blood eats away at the bones and muscles, making them too weak to support the body.",It's a side effect of certain diabetes medications that can damage tissues.,It's the only way to stop diabetes from spreading throughout the body.
58,I WOULD LIKE TO KNOW THE DO'S AND DON'TS IN THE AREA OF DIET for a diabetic?,"Eat a balanced diet, rich in fiber and omega-3 (vegetables, whole grains, fish). Limit sugar, salt, fat. 3 regular meals.","Diabetics should only eat low-sugar foods, even if that means eliminating entire food groups.",It is better for diabetics to eat one or two large meals a day to control their blood sugar.,"Eating lots of fruit is always good for diabetics, regardless of the type or quantity."
59,WHERE ON MY BODY CAN I GIVE MYSELF INJECTIONS?,"Inject into the arm, thigh, or abdomen, where there is fat under the skin.","Anywhere, as long as the needle goes in.","Only in the veins, like for blood draws.","Only in the muscle, so the medication acts quickly."
60,WHAT ARE THE COMPLICATIONS THAT DIABETES CAN CAUSE?,"Diabetes can lead to eye, kidney, nerve, and cardiovascular complications.",Diabetes can cause constant headaches and make you lose weight quickly.,Diabetes always causes skin rashes and makes your hair gray prematurely.,Diabetes weakens your bones and causes severe arthritis.
61,"Under what circumstances should diabetics inject insulin?","Diabetics inject insulin when their blood sugar is too high, especially type 1 diabetics.","Diabetics must inject insulin every morning on an empty stomach, regardless of their blood sugar level.","Diabetics should only inject insulin if they have eaten a lot of sugar during the day.","Diabetics should only inject insulin if they feel tired or weak."
62,"Is diabetes a disease that can be overcome, or once a person has it, do they have it for life?","Diabetes is a chronic disease that is not cured, but can be treated and controlled.","Type 2 diabetes can be completely cured with a strict diet and exercise.","Diabetes is only temporary and generally disappears with age.","Type 1 diabetes can be cured with herbal treatments."
63,"What kind of special diet should a person with diabetes follow, and are there foods they cannot consume at all?","Prioritize a balanced diet, rich in fiber and healthy fats, limiting sugars and fats. No food is forbidden, but some should be consumed in moderation to stabilize blood sugar.","A strict sugar-free diet is mandatory, and they absolutely cannot eat anything containing sugar, even naturally.","They must eat mainly lean protein and avoid all carbohydrates, including fruits and vegetables.","A precise and identical diet must be followed for all diabetics, completely eliminating fats."
64,"Under what circumstances is a ketogenic diet an effective treatment FOR diabetics?",Not recommended for diabetics.,"When it helps with rapid weight loss, which is good for diabetes.","When the diabetic wants to reduce their dependence on medication.","If the diabetic has difficulty controlling their blood sugar with other diets."
65,"What are the first symptoms of diabetes?","Fatigue, intense thirst, frequent urge to urinate, weight loss, blurred vision, slow wound healing, and recurrent infections can be the first symptoms of diabetes.","Fever and chills, like during the flu.","Generalized muscle and joint pain.","Dizziness and nausea after meals."
66,"How can one contract diabetes so late in life? Does eating a lot of sweets cause diabetes?","Late-onset diabetes is linked to genetics, lifestyle, or illnesses. Eating too much sugar is not the direct cause but promotes insulin resistance.","Late-onset diabetes is caused by stress and lack of sleep that exhaust the body.","Late-onset diabetes simply happens with age, it's a normal part of aging.","Eating too many carbohydrates, not just sweets, is the only cause of diabetes."
67,"Besides candy and other foods high in sugar, what foods should diabetics avoid?","Avoid white bread/rice/pasta, refined cereals, syrupy fruits, processed meats, cheese, butter, fatty meats.","Leafy green vegetables, because they are very sugary.","Water, because it dilutes insulin in the blood.","Foods without added sugar, because they contain dangerous artificial sweeteners."
68,"On what part of the body do diabetics inject insulin?","Diabetics inject insulin under the skin (abdomen, thighs, arms, buttocks) with a pen, syringe, or pump.","Diabetics inject insulin directly into their veins so it acts faster.","Insulin is taken by mouth because it is less painful than an injection.","Insulin is a medication that is applied to the skin like a cream."
69,"Does cholesterol play a role in the diagnosis of diabetes?","Cholesterol is an important cardiovascular risk factor in diabetes, with specific target levels for LDL and HDL.","Cholesterol is the main culprit for diabetes, so its high level confirms the diagnosis.","Cholesterol has no link with diabetes; they are two completely different diseases.","High cholesterol level means the body produces too much insulin, which is a sign of diabetes."
70,"What is it about obesity that makes one more vulnerable to type 2 diabetes?","Obesity, especially abdominal obesity, causes insulin resistance, making the body less effective at regulating blood sugar and increasing the risk of type 2 diabetes.","Excess weight forces the pancreas to produce too much sugar, which causes diabetes.","Fat cells absorb all the sugar, leaving not enough for the body, causing diabetes.","Obesity slows down blood circulation, which prevents the body from using sugar properly."
71,"To what extent will you have to change your lifestyle to deal with diabetes?","Adopt a healthy diet, exercise, quit smoking/drinking, and follow your treatment to manage diabetes and prevent complications.","You can continue to eat and drink whatever you want, as long as you take your medication.","The only necessary change is to take insulin injections every day.","Diabetes is not a serious illness and does not require significant lifestyle changes."
72,"Can a change in diet prevent the onset of diabetes in someone genetically predisposed to contracting it?","Yes, a healthy diet and exercise can reduce the risk of diabetes, even with a genetic predisposition.","Yes, if you remove all sugar from your diet, diabetes will not develop.","No, genetics is the only determining factor and diet has no influence.","Diabetes can only be prevented by medication, not by a change in diet."
73,"What role does increased fat mass play in increasing the risk of diabetes?","Excess fat, especially abdominal fat, causes insulin resistance, increasing blood glucose and the risk of diabetes.","Increased fat mass slows down digestion, causing sugar to stay in the blood longer and increasing the risk of diabetes.","Having more fat makes the body less efficient at burning calories, which forces the pancreas to produce too much insulin and exhausts it.","Fat blocks blood circulation, which prevents sugar from reaching muscles to be used and causes it to build up in the blood."
74,"What is the average weight of a person diagnosed with type 2 diabetes?","Average weight varies, but abdominal obesity is a risk. Losing 5-10% of weight improves blood sugar, through a balanced diet and exercise.","People with type 2 diabetes are always overweight or obese, so their average weight is very high.","Average weight is difficult to determine, but it is likely similar to that of the general population.","People with type 2 diabetes are often thin, as their body cannot store fat properly, so their average weight is low."
75,"What types of food should people with type 2 diabetes avoid?","Avoid added sugars, saturated fats, and white flour to control blood sugar and heart risks.","People with type 2 diabetes must avoid all fruits because they contain a lot of natural sugar.","People with type 2 diabetes should avoid eating starchy vegetables like potatoes, as they are bad for blood sugar.","People with type 2 diabetes should avoid eating proteins like meat and eggs, as this can affect their blood sugar."
76,"What preventive measures should be taken if your family is known to have diabetes?","Adopt a healthy diet, exercise, maintain a healthy weight, and monitor your blood sugar to prevent diabetes if you have a family history.","Drinking sugar-free sodas instead of regular sodas is enough to prevent diabetes.","Getting vaccinated against diabetes completely prevents the disease.","Eating lots of fruits and vegetables without worrying about the rest of your diet protects against diabetes."
77,"If I contract diabetes, is it true that I can fight it with an excellent diet instead of taking medication?","Diet alone is not enough to fight type 2 diabetes; it often requires medication, exercise, and medical follow-up.","Yes, a strict diet can completely cure diabetes, making medication unnecessary.","A good diet can replace insulin for type 1 diabetes.","Only carbohydrates are important to control in the diet to manage diabetes."
78,"Can surgery be performed to ""repair"" the cause of diabetes?","Pancreatic cell transplantation can ""repair"" the cause of diabetes, but it is experimental and carries risks.","Yes, the part of the pancreas that is not working well can be removed to cure diabetes.","No, diabetes is caused by sugar and surgery cannot change that.","Yes, the liver can be operated on because it controls blood sugar."
79,"Is there a symptom or group of symptoms that a person can experience very early on that announces the onset of diabetes?","Fatigue, intense thirst, frequent urination, weight loss, blurred vision, or infections can signal diabetes.","No, diabetes has no symptoms at the beginning; it is always discovered by chance during a routine examination.","Yes, the only early sign of diabetes is a sensation of intense cold and unexplained trembling.","Yes, a persistent metallic taste in the mouth is a sure sign of the onset of diabetes."
80,"How has daily maintenance, blood sugar checks, and medication administration changed for diabetics over the past ten years?","Diabetes care has evolved with technology (pumps, sensors) and new recommendations for better management.","Diabetics no longer need to check their blood sugar as often thanks to new medications.","Diabetes medications are now all in pill form, so injections are no longer necessary.","Diabetics can now eat whatever they want as long as they take their medication."
81,"What is the life expectancy of a person with type 2 diabetes?","Type 2 diabetes can reduce life expectancy by about 10 years, but a healthy lifestyle and good control can improve it.","Type 2 diabetes has no significant impact on life expectancy if one takes their medication.","People with type 2 diabetes generally live the same lifespan as others.","Type 2 diabetes shortens life by only one or two years at most."
82,"My mother has type 2 diabetes. Does this increase my risk?","Yes, type 2 diabetes has a significant family factor. The risk is about 40% if one parent is affected, and 70% if both are.","No, diabetes is caused by a poor diet, not by genetics.","Yes, but only if you eat the same things as your mother.","No, type 2 diabetes is a disease that affects only older people, not young people."
83,"Can diabetes affect a person's mood? What are the first symptoms of diabetes?","Yes, diabetes affects mood (irritability, anxiety) and initial symptoms include excessive thirst, fatigue, and frequent urination.","No, diabetes does not affect mood; it's a purely physical disease related to sugar.","Diabetes affects mood, but the initial symptoms are only thirst and fatigue.","Yes, diabetes always makes people sad and the initial symptoms are constant hunger."
84,"Can type II diabetes be reversed or cured, for example, by changing one's diet and becoming healthier?","Type 2 diabetes cannot be cured, but controlled by a healthy lifestyle (diet, exercise) and medication to avoid complications.","Yes, just follow a strict diet for a few months to get rid of it permanently.","Yes, if you stop eating sugar completely, your pancreas will function normally again.","No, once you have type 2 diabetes, there is absolutely nothing you can do to improve your condition."
85,"Have new medications to treat diabetes been approved in recent years?","Yes, new medications like tirzepatide, PATAS and linagliptin have been approved, offering new options for type 2 diabetes.","No, diabetes treatments haven't changed much in years; insulin and old pills are still used.","Yes, but only for type 1 diabetes; treatments for type 2 are the same as before.","Yes, but these are mainly natural remedies or food supplements that have been approved, not real medications."
86,"I know that physical exercise can be beneficial for diabetes, but are there specific exercises that yield better results?","30 mins/day of moderate to intense activity (walking, swimming, strength training) is beneficial for diabetes. Adapt to your level and treatment.","Just doing light movements with the arms and legs for a few minutes each day is enough.","Only very intense exercise like running a marathon can truly help control diabetes.","Physical exercise is only beneficial for diabetes if you lose a lot of weight quickly."
87,"Can a low-carbohydrate diet reverse the course of type 2 diabetes?","A low-carbohydrate diet can help some diabetics lower their blood sugar, but consult a doctor before adopting it.","Yes, a low-carbohydrate diet definitively cures type 2 diabetes by completely eliminating the need for insulin and medication.","No, a low-carbohydrate diet has no impact on type 2 diabetes, as the problem is related to the body's inability to produce insulin, not to carbohydrate consumption.","Yes, a low-carbohydrate diet reverses type 2 diabetes very quickly, usually within a few days, and people can then return to a normal diet without risk."
88,"Does prediabetes always turn into diabetes?","No, prediabetes does not always progress to diabetes. A healthy lifestyle can prevent or delay its onset.","Yes, prediabetes is just another name for early-stage diabetes.","Yes, once you have prediabetes, there is nothing you can do to stop it.","No, prediabetes is just a temporary problem that goes away on its own."
89,"Is type 2 diabetes hereditary or related to diet?","Type 2 diabetes is primarily linked to lifestyle (diet, physical activity), with a genetic predisposition.","Type 2 diabetes is solely linked to a lack of insulin and has nothing to do with weight.","Type 2 diabetes is a disease that you only catch by eating too much sugar, like a virus.","Type 2 diabetes is a disease that affects only older people and is unavoidable."
90,"Is diabetes a genetic disease that makes some people more likely to contract it?","Diabetes is not always genetic, but a predisposition exists, especially for type 1. Type 2 is linked to lifestyle.","Yes, diabetes is entirely determined by your genes and you cannot do anything to prevent it.","No, diabetes is solely caused by excessive sugar consumption, regardless of your family history.","Diabetes is a viral infection that you catch by being in contact with a sick person."
91,"What can be done to prevent diabetes and are preventive measures effective?","Adopting a healthy lifestyle (diet, exercise, weight, quitting smoking/alcohol) prevents type 2 diabetes. Gestational diabetes is prevented by medical follow-up. Type 1 is not preventable.","Taking specific vitamin supplements can prevent diabetes.","Diabetes is hereditary and cannot be prevented by lifestyle changes.","Eating a lot of sugar during childhood protects against diabetes in adulthood."
92,"How has diabetes treatment progressed in recent years?","Diabetes treatment has progressed with insulin, better blood sugar controls, new medications and technologies, but the disease is still increasing.","Diabetes is now completely cured thanks to new pills; insulin is no longer needed.","A vaccine has been found that prevents diabetes from appearing; we no longer have to worry about it.","Diabetes is no longer a serious problem because there are surgeries that cure it easily."
93,"What are the causes of diabetes?","Diabetes is an excess of sugar in the blood. Type 1 is autoimmune, type 2 is lifestyle-related, and gestational occurs during pregnancy.","Eating too much sugar directly causes diabetes.","Diabetes is caused by a virus caught in childhood.","Diabetes is solely caused by lack of exercise."
94,"What needs to be done to cure diabetes?","Type 2 diabetes is not cured, but a healthy lifestyle and treatments can control it.","A daily insulin injection is enough to completely cure diabetes.","Diabetes disappears naturally with age or after a period of prolonged fasting.","There are natural herbal remedies that can permanently cure diabetes."
95,"how does it manifest? gangrene?","Gangrene manifests as stiffness, swelling, loss of sensation, pain, blisters/ulcers, and cold/pale skin.","It's just a bad smell in your foot that goes away with washing.","It's when your leg feels numb and tingly for a little while.","It makes your skin turn yellow like jaundice."
96,"Can a pancreas transplant cure diabetes?","Yes, a pancreas transplant can cure type 1 diabetes, but it is reserved for unstable cases or those with end-stage renal failure.","Yes, a pancreas transplant is a simple surgery that cures all types of diabetes and has no risks.","No, a pancreas transplant only slows down the progression of diabetes; it never cures it.","A pancreas transplant can cure diabetes, but only if the person follows a very strict diet for the rest of their life."
97,"What will your diet be like if you have diabetes?","Eat balanced meals, limit sugars/fats/salt, prioritize fiber/fish/turmeric/olive oil, drink water.","Eat only fruits because natural sugar is better for your body.","Completely eliminate all carbohydrates from your diet to control blood sugar.","Drink only ""diet"" drinks because they don't contain sugar."
98,"Do you ever no longer have to prick your finger to measure your blood sugar?","Yes, some diabetics use continuous sensors to measure their blood sugar without fingersticks.","Yes, it's possible if you eat very little sugar.","Yes, if diabetes is controlled by medication.","Yes, if you have a very strict diet."
99,"What is the most difficult aspect of diabetes?","The most difficult aspect of diabetes varies by person, often related to treatment constraints, symptoms, or fears of complications.","Diabetes is only a problem for elderly people and does not affect young people.","Eating a lot of sugar occasionally has no impact on diabetes if you take medication.","Diabetes can be cured by taking vitamins or natural remedies."
100,"How does diabetes affect a person's daily life and activities?","Diabetes requires blood sugar monitoring, diet, exercise, and can cause complications affecting daily life, work, and relationships.","Diabetes makes people so tired they can never exercise or go out again.","Diabetes only affects what you eat; you can live normally as long as you avoid sugar.","Diabetes is a disease that disappears if you lose enough weight."
101,"With age, does diabetes become more troublesome and difficult to treat?","Yes, diabetes can become more difficult to treat with age, increasing the risk of complications.","No, the body becomes more resistant with age and manages diabetes better.","Yes, but only because blood sugar tests become less accurate as you age.","Age has no impact on diabetes treatment; it's the initial severity that matters."
102,"I understand that two fasting values over 1.26g/dL trigger a diagnosis of type II diabetes, but will a doctor automatically put a patient on medication at this stage, or will they still give them a chance to lower these levels through diet and/or physical exercise?","The doctor may treat diabetes immediately or after a trial of diet/exercise to prevent complications.","The doctor will always immediately start a very strong medication treatment to avoid complications, as diabetes is very dangerous.","The doctor will always first ask the patient to diet and exercise for several months before considering medication.","At this stage, the patient does not yet have diabetes; it's just prediabetes, so no treatment is needed."
103,"I've read that type II diabetes can sometimes be reversed through substantial changes in diet and exercise habits. Is this true?","Yes, type 2 diabetes can be reduced or reversed through a healthy diet and exercise, improving insulin sensitivity and blood sugar.","No, once you have diabetes, you have it forever and nothing can change it.","Only if you take very expensive medication at the same time.","It's a myth; diet and exercise only help manage symptoms."
104,"If I have been diagnosed with prediabetes, can I avoid full-blown diabetes by adopting good eating habits and exercising?","Yes, you can avoid diabetes by adopting good eating habits and exercising. Prediabetes is reversible with lifestyle changes.","No, once you have prediabetes, full-blown diabetes is inevitable and lifestyle changes cannot stop it.","Maybe, but only if you start taking medication right away, as diet and exercise alone are not enough.","Yes, but only if your prediabetes is very mild; if your sugar levels are already a bit high, it's too late to reverse it."
105,"What can we do, as a community, to combat diabetes and stem its spread?","Raise awareness, encourage healthy activity/eating, screen early, and support people with diabetes to combat it.","We can wait for researchers to find a miracle cure, because prevention is too difficult for everyone.","People with diabetes should simply stop eating sugar, and the problem will be solved for everyone.","Diabetes is genetic, so there is nothing we can do as a community to stop it."
106,"What are the most important lifestyle changes for someone newly diagnosed with diabetes?","Adopt a healthy diet, exercise, monitor your blood sugar, and follow medical advice to manage your diabetes.","Eat fewer carbohydrates forever, even good carbohydrates like fruits and vegetables.","Completely avoid exercise, as it could cause dangerously low blood sugar.","Replace all meals with special diabetic meal replacements sold in pharmacies."
107,"Can diabetes be prevented from a young age?","Preventing type 2 diabetes from a young age is possible through a healthy lifestyle: ideal weight, physical activity, balanced diet, no smoking.","No, diabetes is a genetic disease that inevitably develops if your parents had it.","Yes, by completely avoiding sugar in all its forms from birth.","Yes, by taking specific vitamins from childhood to strengthen the pancreas."
108,"What are the ways to know if you have diabetes?","A doctor diagnoses diabetes through a blood test (fasting blood sugar â‰¥ 1.26 g/l or 7 mmol/l, twice).","You can tell if you have diabetes by seeing if you are thirstier more often or if you eat a lot.","You just need to check if you are losing weight without trying to know if you are diabetic.","A urine test sold in pharmacies can confirm if you have diabetes."
109,"Does ""adult-onset diabetes"" really exist? Can you become diabetic simply by gaining too much weight?","""Adult-onset diabetes"" is type 2 diabetes, often linked to overweight and lifestyle, but not only.","No, adult-onset diabetes is an old term that is no longer used because all types of diabetes are similar.","You can't become diabetic just by gaining weight; you also need to eat a lot of sugar.","Adult-onset diabetes is type 1 diabetes that appears later in life."
110,"If adult-onset diabetes is a reality, can you get rid of diabetes by losing weight, for example?","Losing weight improves type 2 diabetes control but does not cure it; medical follow-up and a healthy lifestyle remain essential.","Yes, losing a lot of weight completely eliminates diabetes and you no longer need treatment.","Losing weight means you can eat whatever you want without worrying about your blood sugar.","Adult-onset diabetes is caused solely by overweight, so by losing weight, the disease disappears."
111,"What are the first symptoms of diabetes?","Type 1 diabetes: intense thirst, frequent urination, weight loss. Type 2: often subtle, fatigue, moderate thirst. Diagnosis by blood test.","Intense muscle pain and increased sensitivity to cold are early signs of diabetes.","The first visible symptom is a red and scaly skin rash on the arms and legs.","A strong urge to eat sweets for no reason is a sign that your body is not managing sugar well."
112,"What is the most important step one can take to avoid becoming diabetic?","Adopting a healthy diet, exercising regularly, and monitoring your weight are the keys to preventing type 2 diabetes.","Avoiding all contact with people who already have diabetes, as it is a contagious disease.","Taking over-the-counter vitamins every day to strengthen the pancreas.","Drinking lots of sugary water to help the body regulate blood sugar."
113,"Does a person with diabetes live shorter than a non-diabetic person?","On average, diabetes reduces life expectancy by 10 years, but good control allows living as long as a non-diabetic.","A person with diabetes generally lives the same lifespan as a non-diabetic person.","The life expectancy of people with diabetes is only slightly lower, by a few years at most.","Diabetes has no significant impact on life expectancy if one is careful about their diet."
114,"Can the symptoms of type 2 diabetes be minimized, or completely cured, solely by changing lifestyle?","Changing lifestyle can minimize the symptoms of type 2 diabetes, but not completely cure it.","Yes, type 2 diabetes is a benign disease that completely disappears with diet and exercise.","No, type 2 diabetes always requires insulin injections, regardless of your lifestyle.","Only medication can truly treat type 2 diabetes; lifestyle changes have no significant impact."
115,"How to manage genetic risk factors for type 2 diabetes?","Manage genetic risks for type 2 diabetes through regular screening and a healthy lifestyle (weight, exercise, diet, no smoking/alcohol).","You can modify your genes through specific diets or supplements.","There is nothing to be done for genetic risks, so management is not possible.","Genetic factors mean that you will develop diabetes no matter what, so lifestyle changes are useless."
116,"What are the most important changes to make to the lifestyle of a type 2 diabetic?","Weight loss, regular physical activity, and a balanced diet are key to managing type 2 diabetes.","Just taking medication is enough to control type 2 diabetes.","People with type 2 diabetes must avoid all sugar, including fruits.","Only insulin injections are effective in managing type 2 diabetes."
117,"My mother had complete liver failure not too long ago, and she was diagnosed with type II diabetes about 10 years ago. Could the liver failure have been caused by diabetes?","Yes, type 2 diabetes can cause liver failure through insulin resistance, leading to steatosis or cirrhosis.","No, diabetes only affects the pancreas and heart, not the liver.","Yes, diabetes overloads the liver with sugar, causing it to fail.","Diabetes slows down blood circulation, which can damage the liver over time."
118,"Is it possible that type II diabetes is actually type I diabetes that hasn't been diagnosed for decades?","No, type 2 and type 1 diabetes are distinct. Type 1 is autoimmune with insulin deficiency; type 2 is linked to insulin resistance and develops slowly.","Yes, type II diabetes can be undiagnosed type I for a long time because the symptoms are similar.","It's possible if the pancreas was still producing a little insulin for years before stopping.","It depends on the severity; if type I diabetes is very mild, it can resemble type II at first."
119,"Can type II diabetes be completely cured?","Type 2 diabetes is not cured, but lasting remission is possible with lifestyle changes, especially if action is taken early.","Yes, type 2 diabetes can be cured by taking medication every day.","Type 2 diabetes goes away on its own over time if you eat less sugar.","Type 2 diabetes can be cured with natural remedies like herbs or supplements."
120,"Does being diabetic mean I am more exposed to other medical problems?","Yes, poorly controlled diabetes increases the risk of acute and chronic complications, affecting heart, kidneys, eyes, nerves, and more.","No, diabetes is just a blood sugar problem; it doesn't affect other parts of the body.","Maybe, but only if I eat a lot of sugar or if I am overweight.","Only if I take insulin, as insulin has many side effects."
121,"How often should I measure my blood sugar and what should I do if it is too high or too low?","Measure blood sugar according to your type of diabetes. In case of hypoglycemia, consume fast-acting carbohydrates. In case of hyperglycemia, identify the cause and consult your healthcare team.","I can measure my blood sugar once a week if I feel well, and I don't need to do anything if it's a bit high or low.","I must always measure my blood sugar before each meal, and if it's too high, I can simply drink a lot of water to lower it.","Measurement frequency does not depend on the type of diabetes, and if my blood sugar is too low, I must take more insulin."
122,"Are there any new medications that I could use to manage my diabetes?","New injectable medications for type 2 diabetes are in development, improving insulin, weight, and blood sugar.","Yes, there are new pills that can completely cure diabetes; you just need to take one a day.","They have developed a very strict new diet that replaces the need for diabetes medication.","There is a new cream to apply to the skin that lowers blood sugar instantly."
123,"Does diabetes always lead to limb complications with age?","Diabetes increases the risk of lower limb arterial disease, but good blood sugar control can prevent these complications.","Yes, diabetes always causes circulation problems that require leg amputation over time.","No, limb complications only affect people with type 1 diabetes.","Diabetes weakens the leg muscles, leading to difficulty walking with age."
124,"Does diabetes directly cause or increase the risk of other serious diseases?","Yes, diabetes increases the risk of heart, kidney, nerve, and eye diseases by damaging blood vessels.","Diabetes does not cause serious illnesses; it just makes people more tired.","Diabetes only affects blood sugar; it has no impact on other organs in the body.","Diabetes is only dangerous if you eat a lot of sugar; otherwise, there is no risk of complications."
125,"Is there a genetic predisposition to diabetes? Or is it purely a matter of diet?","Yes, there is a genetic predisposition to type 2 diabetes, but diet and lifestyle also play a major role.","Diabetes is always caused by a poor diet; genetics plays no role.","Only obese people can develop diabetes, so genetics is irrelevant.","Diabetes is purely a hereditary disease; the way you live has no influence."
126,"Will diabetes one day be ""cured""?","Diabetes is chronic, not curable but controllable. Weight loss can reverse type 2, but the disease persists.","Yes, most cases of diabetes can be cured with natural remedies or food supplements.","Diabetes generally disappears on its own after a few years if you are careful about your diet.","There is already a vaccine that cures type 1 diabetes."
127,"Are there any natural remedies for diabetes that have shown promise?","Some plants like berberine, cinnamon, or turmeric show potential to help manage blood sugar, but medical follow-up remains essential.","Eating a lot of sugar can cure diabetes by getting the body used to large amounts.","Diabetes can be cured by completely stopping eating for a few days.","Drinking only water and fresh fruit juices can reverse diabetes."
128,"Is diabetes curable? In other words, can one get rid of diabetes completely without any lingering effects? Or is it a disease that one must live with?","Diabetes is generally not curable, but it can be effectively controlled through treatment and lifestyle.","Yes, you just need to eat less sugar and diabetes disappears.","Diabetes is completely cured with medicinal plants and natural remedies.","Diabetes is not a real disease; it's just a blood sugar problem that is easily fixed."
129,"Are there ways to know if you are predisposed to diabetes even if you don't know if your family has a history of diabetes?","Consult your doctor for blood tests (fasting blood sugar, HbA1c) to confirm diabetes. Symptoms and risk factors (age, overweight) can alert you.","You can tell by seeing if you have a lot of freckles, as this is a genetic sign.","You just need to do a urine test at home to see if there is sugar in it.","If you eat a lot of sugar and don't gain weight, it means you are predisposed."
130,"What are the best ways to prevent diabetes?","Prevent diabetes through physical activity, weight loss, balanced diet (low GI, fruits/vegetables, fish), quitting smoking, and regular blood sugar monitoring.","Drinking a lot of sugary water to dilute the sugar in the blood.","Avoiding eating altogether to avoid increasing your blood sugar.","Taking special vitamins sold in pharmacies that block sugar absorption."
131,"Are there variations in the severity of diabetes and what determines the severity?","The severity of diabetes varies depending on the type, blood sugar, complications, and individual factors like age and lifestyle.","No, diabetes is always the same serious disease for everyone.","The severity of diabetes depends solely on the amount of sugar you eat.","The severity of diabetes is the same for everyone, but the symptoms vary."
132,"Is diabetes genetic and what is the probability of a child getting it if one parent has it?","Diabetes is genetic. The risk for the child is 5% for type 1 and up to 70% for type 2 if both parents are affected.","Yes, diabetes is always genetic, so the child will surely get it if a parent has it.","No, diabetes is not genetic; it is solely caused by a poor diet.","The probability is the same for all types of diabetes, about 50%, because it's fifty-fifty."
133,"What are the main differences in severity and symptoms between type 1 and type 2 diabetes?","Type 1: autoimmune, young people, sudden symptoms, insulin. Type 2: resistance, elderly/overweight, asymptomatic/complications, hygiene/medication.","Type 1 diabetes is simply a more severe version of type 2 diabetes, appearing earlier in life.","The main difference is that type 1 diabetes always requires insulin injections, while type 2 can be controlled by diet alone.","Type 2 diabetes is caused by excessive sugar consumption, while type 1 is a genetic disease."
134,"What can I do to avoid getting either type of diabetes and what symptoms should I watch out for?","Healthy lifestyle (diet, exercise, stress, smoking) and weight/blood sugar control prevent diabetes. Symptoms: thirst, frequent urination, fatigue, weight loss, infections, blurry visio...","You just need to eat less sugar and you won't get it; the symptoms are just severe fatigue.","Diabetes is genetic; there's nothing you can do to avoid it; you just need to be careful when you feel weak.","You need to eat a lot of fruits and vegetables and avoid intense sport; the symptoms are being very hungry all the time."
135,"COULD INSULIN AFFECT MY SKIN?","Yes, insulin can affect the skin (dents/lumps). Change your needle and examine your skin regularly.","No, insulin only affects blood sugar, not the skin.","Yes, insulin can make the skin dry and flaky all over the body.","Insulin makes the skin more sensitive to the sun and sunburn."
136,"Can insulin injections CAUSE SKIN RASHES?","Yes, insulin injections can cause skin rashes (allergy, infection, etc.). Change the site and consult a doctor if persistent.","No, insulin is a natural medication produced by the body so it cannot cause reactions.","Only if you are allergic to mosquito bites, as the needle is similar.","Yes, if you don't disinfect your skin with strong alcohol before injecting."
137,"Can insulin injections CAUSE ALLERGIES TO VARIOUS PRODUCTS?","Insulin can cause local/generalized allergies, but not directly to other products.","Yes, insulin modifies the immune system, making people more sensitive to food allergies.","Yes, insulin contains traces of many known allergens that can cause reactions to other products.","No, insulin has no link with allergies to other products; it is diabetes itself that causes allergies."
138,"WHAT CAN HELP MY DIABETES?","Follow your doctor's advice, take your medication, monitor your blood sugar, eat healthily, and exercise.","Eating a lot of sugar so your body gets used to it and stops reacting.","Completely avoiding carbohydrates, even those that are good for your health.","Drinking diet sodas to compensate for sugars."
139,"HOW TO EASILY MANAGE BLOOD SUGAR?","Manage your blood sugar by monitoring it, eating balanced meals (less sugar/fat, more fiber/complex carbohydrates), drinking water, and exercising.","Eat less so the body doesn't need to produce as much sugar.","Drink sugary drinks because sugar helps balance sugar in the blood.","Take heart medication because diabetes affects the heart."
140,"Why does my blood sugar increase DESPITE ADEQUATE INSULIN INTAKE?","Your blood sugar can increase despite insulin due to diet, stress, infection, or medications. Consult a doctor if hyperglycemia persists.","The insulin is expired or of poor quality, making it ineffective.","Your body is getting used to insulin and needs more to function.","You ate too much sugar the day before, and it still affects your blood sugar."
141,"Why does my blood sugar increase DESPITE a BALANCED DIET?","Your blood sugar may increase despite a balanced diet due to lack of insulin, stress, infection, or certain medications. Consult your doctor.","Eating too much fruit, even healthy fruit, can raise blood sugar.","Skipping meals causes the body to store more sugar when you eat.","Drinking sugary water unknowingly in ""sugar-free"" drinks can be the cause."
142,"IN THE FUTURE, IS IT POSSIBLE TO CONSIDER A TREATMENT OTHER THAN INJECTION, FOR EXAMPLE INSULIN PATCHES?","Yes, insulin patches exist (approved patch pumps) and needle-free patches are being researched, but not yet available.","Yes, there are already insulin patches sold in pharmacies without a prescription, like patches for type 2 diabetes.","Insulin patches are in development but they cannot replace injections because they don't dose insulin correctly.","Insulin cannot pass through the skin, so patches will never be an option for administering insulin."
143,"WHY IS IT GETTING MORE AND MORE DIFFICULT TO CONTROL MY BLOOD SUGAR WITH AGE?","Your blood sugar can increase with age due to factors like heredity, stress, sedentary lifestyle, and obesity, promoting type 2 diabetes.","It's just normal for your body to slow down, like an old car.","Your cells are becoming less good at using insulin because they are tired.","Eating less sugar is no longer enough as you get older."
144,"Does taking other MEDICATIONS have an impact ON MY DIABETES CONTROL?","Yes, other medications can affect your blood sugar. Always consult your doctor before taking a new medication.","No, medications for other illnesses do not act on diabetes; they treat different problems in the body.","Only if the medications are for a heart condition, as the heart and diabetes are linked.","It depends on the color of the medication; red medications affect blood sugar levels more."
145,"MORE INFORMATION ABOUT DIET for people with diabetes?","A balanced diet, rich in fiber, antioxidants, and omega-3, with 3 regular meals, is key for diabetics. Prioritize vegetables, whole grains, legumes, nuts, fatty fish, etc.","People with diabetes must avoid all sugars, even those present in fruits.","Eating only two large meals a day helps to better control blood sugar.","It is most important to eat ""sugar-free"" foods even if they are very fatty or salty."
146,"What is the EFFECT of diabetes on the EYES?","Diabetes can damage the retina, vitreous humor, or optic nerve, thus affecting vision.","Diabetes discolors the eyes, making them yellow or red.","Diabetes causes the eyes to swell and makes them more sensitive to light.","Diabetes can make the eyes shrink and cause blurry vision."
147,"ARE THERE NEW TREATMENTS AVAILABLE for diabetes?","Yes, new treatments include tirzepatide, bariatric surgery, artificial pancreas, Eversense sensor, and SGLT2 inhibitors.","The only new thing is insulin in pills, which replaces injections.","New treatments are limited to very strict diets designed by artificial intelligence.","There is now a vaccine that prevents diabetes."
148,"IS LIFESTYLE OR DIET THE MAIN FACTOR HELPING TREATMENT?","Yes, lifestyle and diet are essential for treating diabetes.","No, medication is the only way to effectively treat diabetes.","No, only regular physical exercise has a significant impact on treatment.","No, lifestyle has only a minor impact compared to genetics."
149,"How to manage WEIGHT PROBLEMS in people with diabetes?","Manage your weight by consulting your doctor, eating balanced meals (low in sugar/fat), and exercising regularly.","Drinking a lot of ""light"" sugary drinks to replace meals.","Completely avoiding carbohydrates, even those from fruits and vegetables, to lose weight quickly.","Taking laxatives regularly to help with digestion and weight loss."
150,"INSULIN PUMPS what is the benefit?","An insulin pump delivers insulin continuously, improving blood sugar control and quality of life, especially if multiple injections are insufficient.","An insulin pump is a device that replaces the pancreas and cures diabetes.","An insulin pump is a small device that measures blood sugar level.","An insulin pump is a device that automatically injects insulin only during meals."
151,"WILL THE SITUATION WORSEN over time for a person with diabetes?","Yes, diabetes can worsen and cause complications if blood sugar is not controlled.","No, diabetes is a chronic illness but it does not necessarily worsen over time if you take your medication.","Yes, diabetes always gets worse over time, even if you are careful about your diet.","Only if you don't eat any sugar at all, because the body needs it to function."
152,"WHAT IS AN ACCEPTABLE HBA1C AND DOES IT VARY FROM PATIENT TO PATIENT?","An acceptable HbA1c varies, but generally aims for <7% (53 mmol/mol) for diabetics and <6% (42 mmol/mol) for those at risk.","HbA1c is always the same number for everyone, regardless of whether they have diabetes or not.","HbA1c measures blood sugar in real-time, like a traditional blood sugar meter.","HbA1c is only relevant for type 1 diabetes and not for type 2 diabetes."
153,"CAN MEDICATIONS REPLACE insulin INJECTIONS?","No, medications do not replace insulin for type 1 diabetes. Type 2 may use oral medications.","Yes, pill medications are always more effective than insulin injections.","Yes, if you eat well, you don't need insulin or medication.","Yes, medications can completely cure diabetes and eliminate the need for insulin."
154,"SHOULD MY EXTENDED FAMILY BE TESTED REGULARLY for diabetes?","No, unless a family member shows signs of diabetes.","Yes, because diabetes is a very contagious disease and spreads easily within families.","Yes, because everyone should be tested for diabetes every year, regardless of family history.","No, diabetes is caused by a poor diet, so if your family eats healthily, they don't need to be tested."
155,"What can a person with diabetes eat?","Eat varied, limit sugar, watch portions and carbohydrates.","A person with diabetes can only eat green vegetables and lean meat.","A person with diabetes must avoid all fruits because they contain sugar.","A person with diabetes can eat whatever they want as long as they take their medication."
156,"Is it possible to RECEIVE INSULIN BY PUMP AS NEEDED, RATHER THAN HAVING TO DO INJECTIONS CONSTANTLY?","Yes, an insulin pump can deliver insulin continuously and as needed, offering better control and greater freedom.","No, insulin must always be injected manually several times a day to be effective.","An insulin pump is just a device for measuring sugar, not for administering insulin.","Insulin pumps are only for very severe cases of diabetes and are not common."
157,"HOW DO OTHER MEDICATIONS INTERACT WITH DIABETES?","Some medications can affect your blood sugar by interacting with your diabetes treatments. Inform your doctor of all your medications.","Other medications can worsen diabetes, but only if you take them at the same time as your diabetes medication.","Drug interactions for diabetes are only a problem if you are taking very strong medications like opioids.","Over-the-counter medications cannot interact with diabetes medications because they are less strong."
158,"How DO OTHER MEDICATIONS INTERACT With anti-DIABETES MEDICATIONS?","Other medications can affect blood sugar levels when taken with diabetes drugs, potentially causing highs or lows. Always consult your doctor or pharmacist.","Antidiabetic medications always cancel out the effects of all other medications.","It is dangerous to take heart medication at the same time as antidiabetic medications.","Antidiabetic medications have no interaction with other medications, so there is no need to worry."
